country,code,year,life_expectancy,pm25,undernourishment,gdp_per_capita,log_gdp_per_capita
Afghanistan,AFG,2018,62.4434,70.25405,22.6,1888.814,3.276189193098738
Angola,AGO,2018,62.6219,25.85236,15.7,7180.3555,3.8561459467306403
Albania,ALB,2018,79.2377,19.75808,4.2,11426.92,4.057929186890526
United Arab Emirates,ARE,2018,82.4493,43.09622,3.6,74206.484,4.8704418546373915
Argentina,ARG,2018,76.7698,12.60073,3.5,18460.87,4.266252164040707
Armenia,ARM,2018,74.9783,37.0863,2.5,11490.369,4.060333975780591
Australia,AUS,2018,83.2582,7.10973,2.5,49614.387,4.695607629891591
Austria,AUT,2018,81.6859,12.67567,2.5,43032.215,4.633793701126
Azerbaijan,AZE,2018,73.0156,26.96124,2.5,16753.209,4.2240980064480995
Belgium,BEL,2018,81.4805,12.16104,2.5,40471.914,4.607153743555949
Benin,BEN,2018,59.7097,32.33744,11.4,2192.261,3.340892257892626
Burkina Faso,BFA,2018,59.9719,41.76688,14.5,1605.3588,3.205572113030778
Bangladesh,BGD,2018,72.1217,50.66434,12.8,4056.6465,3.6081671645226074
Bulgaria,BGR,2018,74.9325,20.39639,3.0,17982.424,4.254848233496646
Bosnia and Herzegovina,BIH,2018,77.9425,32.0164,2.5,10718.778,4.0301452762049275
Belarus,BLR,2018,74.3344,16.08948,2.5,18809.494,4.274377112617703
Bolivia,BOL,2018,67.6992,24.63357,14.5,6679.4385,3.8247399554993384
Brazil,BRA,2018,75.6335,11.15102,2.5,14197.55,4.152213406827999
Barbados,BRB,2018,76.3784,10.35542,2.5,12029.747,4.080256493702327
Botswana,BWA,2018,66.3709,12.94709,22.0,15515.622,4.190769190539139
Central African Republic,CAF,2018,52.2973,28.25056,21.4,619.18744,2.7918221382529755
Canada,CAN,2018,81.9247,7.09267,2.5,45087.887,4.654059882994691
Switzerland,CHE,2018,83.5639,10.01045,2.5,62185.477,4.793688969976794
Chile,CHL,2018,80.5594,21.46726,3.0,22175.664,4.345876632662439
China,CHN,2018,77.709,40.54193,2.5,15977.008,4.203495452653076
Cote d'Ivoire,CIV,2018,59.7946,41.80919,10.2,3497.8928,3.543806495513767
Cameroon,CMR,2018,61.1888,57.80493,6.2,2815.3162,3.4495271793661133
Democratic Republic of Congo,COD,2018,59.9265,31.46394,32.3,796.89246,2.90139971765737
Congo,COG,2018,64.472,29.26944,29.8,4637.726,3.6663050866471227
Colombia,COL,2018,76.5791,14.72127,4.3,13485.702,4.129873558633998
Comoros,COM,2018,65.4009,14.41939,13.1,1801.6912,3.2556803573266033
Cape Verde,CPV,2018,74.8397,31.19557,15.2,6848.757,3.8356117573281203
Costa Rica,CRI,2018,80.0896,15.59229,2.5,14583.144,4.163851164218852
Cuba,CUB,2018,77.4259,14.28114,2.5,8262.988,3.9171371220487634
Cyprus,CYP,2018,81.5558,15.38302,2.5,29089.975,4.4637433480134145
Czechia,CZE,2018,78.9612,17.50349,2.5,31405.09,4.497000042333226
Germany,DEU,2018,80.8747,11.69647,2.5,46377.39,4.666306304015365
Djibouti,DJI,2018,64.1051,20.38832,12.2,3308.117,3.5195808610848065
Dominica,DMA,2018,71.3779,8.74675,10.1,9153.232,3.961574470233029
Denmark,DNK,2018,80.9909,10.01519,2.5,47717.457,4.6786772908177605
Dominican Republic,DOM,2018,73.5553,8.00486,5.8,15944.744,4.202617550842705
Algeria,DZA,2018,75.5554,22.72761,2.5,14083.772,4.148718985729063
Ecuador,ECU,2018,77.2484,16.3823,11.1,10716.904,4.030069340402076
Egypt,EGY,2018,70.9741,62.19745,6.8,11895.312,4.075375837554566
Spain,ESP,2018,83.0956,10.07741,2.5,34553.625,4.538493615672986
Estonia,EST,2018,78.3339,6.70458,2.5,27596.41,4.440852588637757
Ethiopia,ETH,2018,65.2573,22.23241,17.9,1936.8275,3.287090942797506
Finland,FIN,2018,81.6265,5.57078,2.5,39430.906,4.5958367559289215
France,FRA,2018,82.5682,11.22835,2.5,38555.465,4.586085945321525
Gabon,GAB,2018,67.0426,26.25771,17.6,16253.897,4.210957503326657
United Kingdom,GBR,2018,81.1229,10.06647,2.5,38704.6,4.587762583517531
Georgia,GEO,2018,73.9847,20.65794,5.5,12035.715,4.080471895303272
Ghana,GHA,2018,64.1382,48.04326,7.8,3983.1216,3.6002235651095225
Guinea,GIN,2018,59.0434,37.9553,12.6,1642.1047,3.2154008441248525
Gambia,GMB,2018,64.0339,39.85939,14.2,1886.0532,3.2755539387409596
Guinea-Bissau,GNB,2018,61.6516,35.89896,28.0,1511.8668,3.1795135302040722
Greece,GRC,2018,81.4954,15.68502,2.5,23403.611,4.369282870930841
Guatemala,GTM,2018,71.4964,21.71094,14.1,7399.198,3.869184649048521
Honduras,HND,2018,72.0005,20.02576,13.7,5052.2056,3.7034810158992477
Croatia,HRV,2018,77.8654,18.97625,2.5,22678.035,4.355605421224927
Haiti,HTI,2018,64.0766,10.23239,41.6,1773.1095,3.248735556682322
Hungary,HUN,2018,76.2049,17.25407,2.5,25995.51,4.414898342177872
Indonesia,IDN,2018,70.0797,18.46806,5.9,11768.468,4.070719930774549
India,IND,2018,70.4152,55.47787,10.3,7046.4365,3.8479695425735336
Ireland,IRL,2018,82.1232,8.30705,2.5,58083.45,4.7640524043770185
Iran,IRN,2018,76.6205,32.17821,7.6,18154.533,4.258985081773747
Iraq,IRQ,2018,71.1162,39.97648,16.4,13724.742,4.137504189258416
Iceland,ISL,2018,82.4526,5.88924,2.5,43321.062,4.636699094654261
Israel,ISR,2018,82.9184,20.21878,2.5,33227.125,4.521492765273543
Italy,ITA,2018,83.1844,15.97465,2.5,35149.824,4.545923154789124
Jamaica,JAM,2018,71.6062,15.7328,6.2,7569.063,3.879042120039522
Jordan,JOR,2018,76.4913,25.85406,10.7,9174.501,3.9625824523421262
Japan,JPN,2018,84.289,10.86894,2.6,38403.68,4.584372842261221
Kazakhstan,KAZ,2018,73.3693,28.46401,2.5,25142.707,4.400412034363169
Kenya,KEN,2018,62.8254,12.58012,22.6,3120.4314,3.494214639431262
Kyrgyzstan,KGZ,2018,70.6678,40.99721,4.7,5226.4805,3.718209334382076
Cambodia,KHM,2018,69.9935,17.16058,5.1,3692.43,3.5673122708352007
South Korea,KOR,2018,83.34,23.69667,2.5,38214.324,4.58222618144902
Kuwait,KWT,2018,79.8994,66.04878,2.5,75163.984,4.876009791430623
Laos,LAO,2018,67.5942,19.68081,6.5,6454.778,3.8098813101139894
Lebanon,LBN,2018,78.2632,24.0801,5.7,13236.691,4.1217794307191395
Liberia,LBR,2018,60.9995,35.67585,35.2,842.37573,2.9255058457380723
Libya,LBY,2018,73.1508,30.40843,8.8,19504.555,4.290136046252575
Sri Lanka,LKA,2018,76.4853,23.12285,4.2,12051.547,4.081042798814649
Lithuania,LTU,2018,75.9091,11.11935,2.5,27631.46,4.441403832914763
Luxembourg,LUX,2018,81.5187,9.70775,2.5,54625.96,4.737399082363633
Latvia,LVA,2018,74.9793,12.84245,2.5,25039.865,4.398631983088189
Morocco,MAR,2018,73.9456,13.58116,3.6,8385.949,3.9235522168696093
Moldova,MDA,2018,70.2355,13.29578,2.5,6760.1113,3.8299538463229847
Madagascar,MDG,2018,63.4911,16.14007,34.6,1407.4424,3.148430630255866
Mexico,MEX,2018,74.3009,18.75159,3.6,17055.117,4.231854703062096
North Macedonia,MKD,2018,76.8835,30.05632,2.9,13238.034,4.121823492176979
Mali,MLI,2018,58.8728,39.82185,4.6,1673.8774,3.2237236457400784
Malta,MLT,2018,82.9083,13.79236,2.5,32292.822,4.50910599873274
Myanmar,MMR,2018,66.2322,26.0426,3.6,5803.431,3.7636848252553627
Montenegro,MNE,2018,76.9215,23.34584,2.5,19617.215,4.292637351872504
Mongolia,MNG,2018,70.5743,44.03985,6.3,13419.578,4.127738858966135
Mozambique,MOZ,2018,60.7904,16.6806,35.3,1122.5856,3.050219466994067
Mauritania,MRT,2018,67.4195,42.58011,6.8,3567.1013,3.552315442785601
Mauritius,MUS,2018,74.4909,10.44866,6.8,21040.639,4.323058925118577
Malawi,MWI,2018,64.4641,18.60764,17.4,1172.6713,3.069176296343046
Malaysia,MYS,2018,75.7341,20.49619,2.5,25175.799,4.400983262573605
Namibia,NAM,2018,62.5787,11.88239,19.4,8805.334,3.9447458340802237
Niger,NER,2018,59.7646,50.74433,11.7,942.5486,2.9743037526896665
Nigeria,NGA,2018,52.669,56.52002,11.8,5215.3755,3.7172855825050486
Nicaragua,NIC,2018,73.8787,17.24307,17.6,4930.4297,3.6928847708404313
Netherlands,NLD,2018,81.7813,11.48585,2.5,47528.902,4.676957781455516
Norway,NOR,2018,82.7599,6.33232,2.5,84739.92,4.9280880496629065
Nepal,NPL,2018,69.036,40.05945,5.0,2800.8596,3.447291339286441
New Zealand,NZL,2018,81.8838,7.44725,2.5,36420.047,4.561340501915449
Oman,OMN,2018,79.8642,36.67529,6.3,50135.402,4.700144501588815
Pakistan,PAK,2018,66.4807,56.50438,10.8,5299.071,3.724199738480482
Panama,PAN,2018,78.2656,12.37203,5.0,22843.75,4.358767398637954
Peru,PER,2018,76.018,28.81163,6.2,12677.875,4.103046465445275
Philippines,PHL,2018,69.7615,21.51733,6.0,8234.928,3.915659806378949
Poland,POL,2018,77.6232,22.51081,2.5,27880.836,4.445305791834277
North Korea,PRK,2018,73.0196,43.532,45.3,1668.5446,3.2223378197861474
Portugal,PRT,2018,81.5915,7.89586,2.5,27329.69,4.436634705528997
Paraguay,PRY,2018,73.6271,12.1112,2.7,8915.669,3.9501539366428893
Romania,ROU,2018,75.1033,15.59612,2.5,24000.455,4.380219475133113
Russia,RUS,2018,72.9363,9.22426,2.5,24690.082,4.392522532300842
Rwanda,RWA,2018,66.3539,34.91829,33.8,1908.049,3.28058952348986
Saudi Arabia,SAU,2018,78.7499,58.30433,4.3,50906.484,4.706773102298982
Senegal,SEN,2018,67.3792,39.07941,6.6,2514.8071,3.400504677814013
Sierra Leone,SLE,2018,59.0587,39.46253,27.5,1660.427,3.220219786773257
El Salvador,SLV,2018,71.3836,23.35659,6.9,8644.79,3.9367544478182777
Serbia,SRB,2018,76.0356,25.86499,2.5,14579.859,4.1637533239944355
Sao Tome and Principe,STP,2018,67.6015,33.8403,17.1,3756.814,3.5748196936597965
Slovakia,SVK,2018,77.265,19.07598,3.3,26790.652,4.427983283095203
Slovenia,SVN,2018,80.861,17.77099,2.5,29461.344,4.469252555081959
Sweden,SWE,2018,82.5321,6.09387,2.5,45003.492,4.653246213719599
Eswatini,SWZ,2018,58.7072,14.94766,13.2,8219.499,3.9148453469601985
Seychelles,SYC,2018,72.1756,16.48274,2.7,31524.877,4.498653400770084
Syria,SYR,2018,67.3711,25.1301,21.8,3418.6953,3.533860394910205
Chad,TCD,2018,52.4467,42.60818,28.0,1541.4716,3.1879355277151995
Togo,TGO,2018,60.6006,36.83061,19.9,1466.341,3.1662349779430317
Thailand,THA,2018,77.1903,23.68253,7.0,16610.05,4.220370939777789
Tajikistan,TJK,2018,70.7366,58.57753,10.6,4440.1567,3.6473982973093126
Turkmenistan,TKM,2018,69.2718,29.17182,3.5,18064.107,4.256816497066053
Trinidad and Tobago,TTO,2018,72.6582,10.71643,7.0,27863.434,4.445034639559089
Tunisia,TUN,2018,75.37,27.21906,2.7,11376.29,4.056000654394347
Turkey,TUR,2018,77.4535,23.28703,2.5,23650.49,4.373840143048107
Tanzania,TZA,2018,65.488,15.4112,23.6,2785.1824,3.444853642137956
Uganda,UGA,2018,65.7751,31.72916,38.4,2036.3313,3.308848436757467
Ukraine,UKR,2018,73.5691,14.23927,3.0,9827.172,3.9924285573542706
Uruguay,URY,2018,77.5273,8.81777,2.5,19697.76,4.2944168416463055
United States,USA,2018,78.7997,8.13413,2.5,55454.668,4.743938109571091
Uzbekistan,UZB,2018,71.9988,44.62058,2.5,10682.418,4.028669567786056
Venezuela,VEN,2018,72.6415,17.06222,23.2,9446.1875,3.9752565617580626
Vietnam,VNM,2018,74.1004,20.09202,6.6,6842.1387,3.8351918737125477
Yemen,YEM,2018,65.9154,41.6231,40.2,2281.545,3.3582290389903164
South Africa,ZAF,2018,65.726,19.52362,5.7,11873.3,4.074571441162499
Zambia,ZMB,2018,62.1381,16.98833,30.5,3521.5051,3.546728321693352
Zimbabwe,ZWE,2018,60.9055,13.11527,38.7,1900.1992,3.2787991309139293
